<?xml version='1.0'?>
<schema>
	<tables>
		<table>
			<name>vtiger_ctwhatsapptemplates</name>
			<sql><![CDATA[CREATE TABLE `vtiger_ctwhatsapptemplates` (
  `ctwhatsapptemplatesid` int(19) NOT NULL,
  `wptemplate_title` varchar(100) DEFAULT NULL,
  `wptemplate_msg` varchar(50) DEFAULT NULL,
  `wptemplate_modules` varchar(100) DEFAULT NULL,
  `wptemplate_fields` varchar(100) DEFAULT NULL,
  `wptemplate_text` text,
  `wptemplate_image` varchar(255) DEFAULT NULL,
  `whatsapptemplates_no` varchar(100) DEFAULT NULL,
  `tags` varchar(1) DEFAULT NULL,
  PRIMARY KEY (`ctwhatsapptemplatesid`)
) ENGINE=InnoDB DEFAULT CHARSET=utf8]]></sql>
		</table>
		<table>
			<name>vtiger_ctwhatsapptemplatescf</name>
			<sql><![CDATA[CREATE TABLE `vtiger_ctwhatsapptemplatescf` (
  `ctwhatsapptemplatesid` int(19) NOT NULL,
  PRIMARY KEY (`ctwhatsapptemplatesid`)
) ENGINE=InnoDB DEFAULT CHARSET=utf8]]></sql>
		</table>
	</tables>
</schema>
