<?xml version='1.0'?>
<module>
<exporttime>2023-04-28 07:02:54</exporttime>
<name>CTWhatsAppTemplates</name>
<label>WhatsAppTemplates</label>
<parent></parent>
<dependencies>
<vtiger_version>7.4.0</vtiger_version>
</dependencies>
<tables>
<table>
<name>vtiger_ctwhatsapptemplates</name>
<sql><![CDATA[CREATE TABLE `vtiger_ctwhatsapptemplates` (
  `ctwhatsapptemplatesid` int(19) NOT NULL,
  `wptemplate_title` varchar(100) DEFAULT NULL,
  `wptemplate_msg` varchar(50) DEFAULT NULL,
  `wptemplate_modules` varchar(100) DEFAULT NULL,
  `wptemplate_fields` varchar(100) DEFAULT NULL,
  `wptemplate_text` blob,
  `wptemplate_image` varchar(255) DEFAULT NULL,
  `whatsapptemplates_no` varchar(100) DEFAULT NULL,
  `tags` varchar(1) DEFAULT NULL,
  `wptemplate_scannumber` text,
  `wptemplate_quickaccess` int(11) DEFAULT NULL,
  PRIMARY KEY (`ctwhatsapptemplatesid`)
) ENGINE=InnoDB DEFAULT CHARSET=utf8]]></sql>
</table>
<table>
<name>vtiger_ctwhatsapptemplatescf</name>
<sql><![CDATA[CREATE TABLE `vtiger_ctwhatsapptemplatescf` (
  `ctwhatsapptemplatesid` int(19) NOT NULL,
  PRIMARY KEY (`ctwhatsapptemplatesid`)
) ENGINE=InnoDB DEFAULT CHARSET=utf8]]></sql>
</table>
</tables>
<blocks>
<block>
<label>WhatsApp Templates Information</label>
<fields>
<field>
<fieldname>wptemplate_title</fieldname>
<uitype>2</uitype>
<columnname>wptemplate_title</columnname>
<tablename>vtiger_ctwhatsapptemplates</tablename>
<generatedtype>1</generatedtype>
<fieldlabel>Title</fieldlabel>
<readonly>1</readonly>
<presence>2</presence>
<defaultvalue></defaultvalue>
<sequence>1</sequence>
<maximumlength>100</maximumlength>
<typeofdata>V~O</typeofdata>
<quickcreate>1</quickcreate>
<quickcreatesequence>0</quickcreatesequence>
<displaytype>1</displaytype>
<info_type>BAS</info_type>
<helpinfo><![CDATA[]]></helpinfo>
<masseditable>1</masseditable>
<summaryfield>1</summaryfield>
</field>
<field>
<fieldname>wptemplate_msg</fieldname>
<uitype>56</uitype>
<columnname>wptemplate_msg</columnname>
<tablename>vtiger_ctwhatsapptemplates</tablename>
<generatedtype>1</generatedtype>
<fieldlabel>Send msg Picture with Text</fieldlabel>
<readonly>1</readonly>
<presence>1</presence>
<defaultvalue>0</defaultvalue>
<sequence>2</sequence>
<maximumlength>100</maximumlength>
<typeofdata>C~O</typeofdata>
<quickcreate>1</quickcreate>
<quickcreatesequence>0</quickcreatesequence>
<displaytype>1</displaytype>
<info_type>BAS</info_type>
<helpinfo><![CDATA[]]></helpinfo>
<masseditable>1</masseditable>
<summaryfield>0</summaryfield>
</field>
<field>
<fieldname>wptemplate_modules</fieldname>
<uitype>15</uitype>
<columnname>wptemplate_modules</columnname>
<tablename>vtiger_ctwhatsapptemplates</tablename>
<generatedtype>1</generatedtype>
<fieldlabel>Module Name</fieldlabel>
<readonly>1</readonly>
<presence>2</presence>
<defaultvalue></defaultvalue>
<sequence>3</sequence>
<maximumlength>100</maximumlength>
<typeofdata>V~O</typeofdata>
<quickcreate>1</quickcreate>
<quickcreatesequence>0</quickcreatesequence>
<displaytype>1</displaytype>
<info_type>BAS</info_type>
<helpinfo><![CDATA[]]></helpinfo>
<masseditable>1</masseditable>
<summaryfield>0</summaryfield>
<picklistvalues>
</picklistvalues>
</field>
<field>
<fieldname>wptemplate_fields</fieldname>
<uitype>15</uitype>
<columnname>wptemplate_fields</columnname>
<tablename>vtiger_ctwhatsapptemplates</tablename>
<generatedtype>1</generatedtype>
<fieldlabel>Module Fields</fieldlabel>
<readonly>1</readonly>
<presence>2</presence>
<defaultvalue></defaultvalue>
<sequence>4</sequence>
<maximumlength>100</maximumlength>
<typeofdata>V~O</typeofdata>
<quickcreate>1</quickcreate>
<quickcreatesequence>0</quickcreatesequence>
<displaytype>1</displaytype>
<info_type>BAS</info_type>
<helpinfo><![CDATA[]]></helpinfo>
<masseditable>1</masseditable>
<summaryfield>0</summaryfield>
<picklistvalues>
</picklistvalues>
</field>
<field>
<fieldname>wptemplate_text</fieldname>
<uitype>19</uitype>
<columnname>wptemplate_text</columnname>
<tablename>vtiger_ctwhatsapptemplates</tablename>
<generatedtype>1</generatedtype>
<fieldlabel>WhatsApp message to Send</fieldlabel>
<readonly>1</readonly>
<presence>2</presence>
<defaultvalue></defaultvalue>
<sequence>5</sequence>
<maximumlength>100</maximumlength>
<typeofdata>V~O</typeofdata>
<quickcreate>1</quickcreate>
<quickcreatesequence>0</quickcreatesequence>
<displaytype>1</displaytype>
<info_type>BAS</info_type>
<helpinfo><![CDATA[]]></helpinfo>
<masseditable>1</masseditable>
<summaryfield>0</summaryfield>
</field>
<field>
<fieldname>wptemplate_image</fieldname>
<uitype>69</uitype>
<columnname>wptemplate_image</columnname>
<tablename>vtiger_ctwhatsapptemplates</tablename>
<generatedtype>1</generatedtype>
<fieldlabel>WhatsApp Banner to send</fieldlabel>
<readonly>1</readonly>
<presence>2</presence>
<defaultvalue></defaultvalue>
<sequence>15</sequence>
<maximumlength>100</maximumlength>
<typeofdata>V~O</typeofdata>
<quickcreate>1</quickcreate>
<quickcreatesequence>0</quickcreatesequence>
<displaytype>1</displaytype>
<info_type>BAS</info_type>
<helpinfo><![CDATA[]]></helpinfo>
<masseditable>1</masseditable>
<summaryfield>0</summaryfield>
</field>
<field>
<fieldname>whatsapptemplates_no</fieldname>
<uitype>4</uitype>
<columnname>whatsapptemplates_no</columnname>
<tablename>vtiger_ctwhatsapptemplates</tablename>
<generatedtype>1</generatedtype>
<fieldlabel>WhatsAppTemplates No</fieldlabel>
<readonly>1</readonly>
<presence>2</presence>
<defaultvalue></defaultvalue>
<sequence>7</sequence>
<maximumlength>100</maximumlength>
<typeofdata>V~O</typeofdata>
<quickcreate>1</quickcreate>
<quickcreatesequence>0</quickcreatesequence>
<displaytype>1</displaytype>
<info_type>BAS</info_type>
<helpinfo><![CDATA[]]></helpinfo>
<masseditable>1</masseditable>
<summaryfield>0</summaryfield>
<entityidentifier>
<entityidfield>ctwhatsapptemplatesid</entityidfield>
<entityidcolumn>ctwhatsapptemplatesid</entityidcolumn>
</entityidentifier>
</field>
<field>
<fieldname>createdtime</fieldname>
<uitype>70</uitype>
<columnname>createdtime</columnname>
<tablename>vtiger_crmentity</tablename>
<generatedtype>1</generatedtype>
<fieldlabel>Created Time</fieldlabel>
<readonly>1</readonly>
<presence>2</presence>
<defaultvalue></defaultvalue>
<sequence>8</sequence>
<maximumlength>100</maximumlength>
<typeofdata>DT~O</typeofdata>
<quickcreate>1</quickcreate>
<quickcreatesequence>0</quickcreatesequence>
<displaytype>2</displaytype>
<info_type>BAS</info_type>
<helpinfo><![CDATA[]]></helpinfo>
<masseditable>1</masseditable>
<summaryfield>0</summaryfield>
</field>
<field>
<fieldname>modifiedtime</fieldname>
<uitype>70</uitype>
<columnname>modifiedtime</columnname>
<tablename>vtiger_crmentity</tablename>
<generatedtype>1</generatedtype>
<fieldlabel>Modified Time</fieldlabel>
<readonly>1</readonly>
<presence>2</presence>
<defaultvalue></defaultvalue>
<sequence>9</sequence>
<maximumlength>100</maximumlength>
<typeofdata>DT~O</typeofdata>
<quickcreate>1</quickcreate>
<quickcreatesequence>0</quickcreatesequence>
<displaytype>2</displaytype>
<info_type>BAS</info_type>
<helpinfo><![CDATA[]]></helpinfo>
<masseditable>1</masseditable>
<summaryfield>0</summaryfield>
</field>
<field>
<fieldname>assigned_user_id</fieldname>
<uitype>53</uitype>
<columnname>smownerid</columnname>
<tablename>vtiger_crmentity</tablename>
<generatedtype>1</generatedtype>
<fieldlabel>Assigned To</fieldlabel>
<readonly>1</readonly>
<presence>2</presence>
<defaultvalue></defaultvalue>
<sequence>10</sequence>
<maximumlength>100</maximumlength>
<typeofdata>V~M</typeofdata>
<quickcreate>1</quickcreate>
<quickcreatesequence>0</quickcreatesequence>
<displaytype>1</displaytype>
<info_type>BAS</info_type>
<helpinfo><![CDATA[]]></helpinfo>
<masseditable>1</masseditable>
<summaryfield>0</summaryfield>
</field>
<field>
<fieldname>source</fieldname>
<uitype>1</uitype>
<columnname>source</columnname>
<tablename>vtiger_crmentity</tablename>
<generatedtype>1</generatedtype>
<fieldlabel>Source</fieldlabel>
<readonly>1</readonly>
<presence>2</presence>
<defaultvalue></defaultvalue>
<sequence>11</sequence>
<maximumlength>100</maximumlength>
<typeofdata>V~O</typeofdata>
<quickcreate>3</quickcreate>
<quickcreatesequence>1</quickcreatesequence>
<displaytype>2</displaytype>
<info_type>BAS</info_type>
<helpinfo><![CDATA[]]></helpinfo>
<masseditable>0</masseditable>
<summaryfield>0</summaryfield>
</field>
<field>
<fieldname>starred</fieldname>
<uitype>56</uitype>
<columnname>starred</columnname>
<tablename>vtiger_crmentity_user_field</tablename>
<generatedtype>1</generatedtype>
<fieldlabel>starred</fieldlabel>
<readonly>1</readonly>
<presence>2</presence>
<defaultvalue></defaultvalue>
<sequence>12</sequence>
<maximumlength>100</maximumlength>
<typeofdata>C~O</typeofdata>
<quickcreate>3</quickcreate>
<quickcreatesequence>2</quickcreatesequence>
<displaytype>6</displaytype>
<info_type>BAS</info_type>
<helpinfo><![CDATA[]]></helpinfo>
<masseditable>0</masseditable>
<summaryfield>0</summaryfield>
</field>
<field>
<fieldname>tags</fieldname>
<uitype>1</uitype>
<columnname>tags</columnname>
<tablename>vtiger_ctwhatsapptemplates</tablename>
<generatedtype>1</generatedtype>
<fieldlabel>tags</fieldlabel>
<readonly>1</readonly>
<presence>2</presence>
<defaultvalue></defaultvalue>
<sequence>13</sequence>
<maximumlength>100</maximumlength>
<typeofdata>V~O</typeofdata>
<quickcreate>3</quickcreate>
<quickcreatesequence>3</quickcreatesequence>
<displaytype>6</displaytype>
<info_type>BAS</info_type>
<helpinfo><![CDATA[]]></helpinfo>
<masseditable>0</masseditable>
<summaryfield>0</summaryfield>
</field>
<field>
<fieldname>wptemplate_scannumber</fieldname>
<uitype>33</uitype>
<columnname>wptemplate_scannumber</columnname>
<tablename>vtiger_ctwhatsapptemplates</tablename>
<generatedtype>1</generatedtype>
<fieldlabel>Template Number</fieldlabel>
<readonly>1</readonly>
<presence>1</presence>
<defaultvalue></defaultvalue>
<sequence>16</sequence>
<maximumlength>100</maximumlength>
<typeofdata>V~O</typeofdata>
<quickcreate>1</quickcreate>
<quickcreatesequence>0</quickcreatesequence>
<displaytype>1</displaytype>
<info_type>BAS</info_type>
<helpinfo><![CDATA[]]></helpinfo>
<masseditable>1</masseditable>
<summaryfield>0</summaryfield>
<picklistvalues>
</picklistvalues>
</field>
<field>
<fieldname>wptemplate_quickaccess</fieldname>
<uitype>56</uitype>
<columnname>wptemplate_quickaccess</columnname>
<tablename>vtiger_ctwhatsapptemplates</tablename>
<generatedtype>1</generatedtype>
<fieldlabel>Display in Quick Access</fieldlabel>
<readonly>1</readonly>
<presence>2</presence>
<defaultvalue>on</defaultvalue>
<sequence>17</sequence>
<maximumlength>100</maximumlength>
<typeofdata>I~O</typeofdata>
<quickcreate>1</quickcreate>
<quickcreatesequence>0</quickcreatesequence>
<displaytype>1</displaytype>
<info_type>BAS</info_type>
<helpinfo><![CDATA[]]></helpinfo>
<masseditable>1</masseditable>
<summaryfield>0</summaryfield>
</field>
</fields>
</block>
</blocks>
<customviews>
<customview>
<viewname>All</viewname>
<setdefault>true</setdefault>
<setmetrics>false</setmetrics>
<fields>
<field>
<fieldname>wptemplate_quickaccess</fieldname>
<columnindex>0</columnindex>
</field>
<field>
<fieldname>wptemplate_scannumber</fieldname>
<columnindex>1</columnindex>
</field>
<field>
<fieldname>wptemplate_text</fieldname>
<columnindex>2</columnindex>
</field>
<field>
<fieldname>wptemplate_title</fieldname>
<columnindex>3</columnindex>
</field>
<field>
<fieldname>wptemplate_modules</fieldname>
<columnindex>4</columnindex>
</field>
<field>
<fieldname>assigned_user_id</fieldname>
<columnindex>5</columnindex>
</field>
<field>
<fieldname>whatsapptemplates_no</fieldname>
<columnindex>6</columnindex>
</field>
<field>
<fieldname>wptemplate_image</fieldname>
<columnindex>7</columnindex>
</field>
<field>
<fieldname>wptemplate_fields</fieldname>
<columnindex>8</columnindex>
</field>
<field>
<fieldname>createdtime</fieldname>
<columnindex>9</columnindex>
</field>
<field>
<fieldname>modifiedtime</fieldname>
<columnindex>10</columnindex>
</field>
<field>
<fieldname>source</fieldname>
<columnindex>11</columnindex>
</field>
</fields>
</customview>
</customviews>
<sharingaccess>
<default>public_readwritedelete</default>
</sharingaccess>
<actions>
<action>
<name><![CDATA[Import]]></name>
<status>enabled</status>
</action>
<action>
<name><![CDATA[Export]]></name>
<status>enabled</status>
</action>
<action>
<name><![CDATA[Merge]]></name>
<status>enabled</status>
</action>
<action>
<name><![CDATA[DuplicatesHandling]]></name>
<status>enabled</status>
</action>
</actions>
<crons>
</crons>
</module>
